product, link
REPAIR iPHONES - BEST PRICE IN MALTA,/item.aspx?ItemID=6375232
Samsung Galaxy s4 i9505,/item.aspx?ItemID=6375229
FLYER DISTRIBUTOR,/item.aspx?ItemID=6375225
Vintage Turntable,/item.aspx?ItemID=6374520
iPhone 7 Plus in Black,/item.aspx?ItemID=6372434
Samsung wireless charging,/item.aspx?ItemID=6372374
FRIDGE TAL GAS,/item.aspx?ItemID=6371565
LGA 1155 Motherboard !SLI!,/item.aspx?ItemID=6369692
Seleco 32 Inch 100Hz,/item.aspx?ItemID=6369491
iPhone |Samsung,/item.aspx?ItemID=6364668
ipad 3 or 4 (preferably with mobile connectivity),/item.aspx?ItemID=6360380
i phone 6 for parts,/item.aspx?ItemID=6354473
Radios | Cassette Decks | Mixers |etc...,/item.aspx?ItemID=6349046
IPHONE 6,/item.aspx?ItemID=6345946
SAMSUNG J2 DUOS USED,/item.aspx?ItemID=6345705
Oneplus 5| 128Gb| used,/item.aspx?ItemID=6344250
Dash charger for Oneplus 3.,/item.aspx?ItemID=6343464
iPhone 6 16gb gold,/item.aspx?ItemID=6342791
iphone 5,/item.aspx?ItemID=6342681
Looking for IPHONE 5 or 5s,/item.aspx?ItemID=6340796
Samsung s6,/item.aspx?ItemID=6338748
Nintendo 3ds with two games,/item.aspx?ItemID=6335301
Samsung s6 edge plus broken screen,/item.aspx?ItemID=6335246
Flat screen tv 32 inc,/item.aspx?ItemID=6334862
DJI MAVIC PRO DRONE,/item.aspx?ItemID=6332578
Nintendo 3ds with two games,/item.aspx?ItemID=6331396
GoClever Quantum 2 500 BATTERY,/item.aspx?ItemID=6330650
Vintage hifi |stereo |amplifiers,/item.aspx?ItemID=6329962
MICRO HIFI STEREO,/item.aspx?ItemID=6328002
iphone 5,/item.aspx?ItemID=6326521
Vintage hifi,/item.aspx?ItemID=6324240
iPhone 7plus,/item.aspx?ItemID=6312475
SAMSUNG GALAXY S 7,/item.aspx?ItemID=6311544
Cleaning robot,/item.aspx?ItemID=6310736
Samsung s7 edge,/item.aspx?ItemID=6308622
Android Bluetooth Gamepad,/item.aspx?ItemID=6307106
El gato capture HD60,/item.aspx?ItemID=6305469
iPhone 6/6s 32GB,/item.aspx?ItemID=6300382
Ipad Mini 4 Wanted,/item.aspx?ItemID=6292949
Iphone 6 or 6s,/item.aspx?ItemID=6287010
Screen projector,/item.aspx?ItemID=6334842
Android Box TV with Latest Kodi Movies +IPTV,/item.aspx?ItemID=6334814
Kollox 80 euros,/item.aspx?ItemID=6334775
Google Glass Explorer Edition 2.0 Shale,/item.aspx?ItemID=6334768
Set of 4 speakers,/item.aspx?ItemID=6334678
BILLIARD,/item.aspx?ItemID=6334658
Mac mouse,/item.aspx?ItemID=6334591
Vacuum cleaner,/item.aspx?ItemID=6334403
Colour tv,/item.aspx?ItemID=6334399
Colour tv,/item.aspx?ItemID=6334395
Logitech Speakers,/item.aspx?ItemID=6334369
Flight Simulator Set,/item.aspx?ItemID=6334340
Linfa,/item.aspx?ItemID=6334089
ASUS F501A-XX202H  LAPTOP,/item.aspx?ItemID=6334073
SAMSUNG GALAXY NOTE 5 WHITE,/item.aspx?ItemID=6334072
SAMSUNG GALAXY TAB S2 32GB WHITE,/item.aspx?ItemID=6334070
LG NEXUS 5 16BG RED,/item.aspx?ItemID=6334069
iPhone 7+ 128GB Rose Gold,/item.aspx?ItemID=6334067
iPHONE 6 16GB Gold [mint condition],/item.aspx?ItemID=6334063
APPLE IPAD AIR 16GB BLACK,/item.aspx?ItemID=6334060
